{"accuracy": 0.8204264870931538, "specificity": 0.9052823315118397, "sensitivity": 0.6842105263157895}